dataset_name,num_salesmen,pop_size,num_gens,pcross,pm,time_measurement,best_fitness,best_f,best_total_cost,best_amplitude,best_x,f_evolution
berlin52,5,100000,135,0.8,0.048,47.713,0.00041,2440.921957,12146.00566,28.53748,[[0; 48; 31; 44; 18; 40; 7; 9; 8; 32; 42; 14; 45; 0][0; 22; 19; 49; 28; 29; 41; 6; 1; 20; 16; 2; 17; 30; 21; 0][0; 43; 15; 46; 13; 12; 26; 25; 0][0; 51; 0][0; 34; 35; 38; 39; 37; 23; 4; 5; 24; 11; 27; 10; 50; 3; 47; 36; 33; 0]],[5207.942133; 4187.307885; 3478.039568; 3218.940173; 2965.209031; 2939.059052; 2817.481039; 2797.343039; 2720.779205; 2720.779205; 2666.915386; 2658.876470; 2572.674492; 2572.674492; 2526.695360; 2520.784738; 2496.565158; 2479.006420; 2479.006420; 2466.053228; 2466.053228; 2466.053228; 2462.858412; 2454.492427; 2454.492427; 2445.243152; 2442.772824; 2441.914034; 2441.443376; 2441.392615; 2441.392615; 2441.392615; 2441.392615; 2441.392615; 2440.921957; 2440.921957; 2440.921957; 2440.921957; 2440.921957; 2440.921957; 2440.921957; 2440.921957; 2440.921957; 2440.921957; 2440.921957; 2440.921957; 2440.921957; 2440.921957; 2440.921957; 2440.921957; 2440.921957; 2440.921957; 2440.921957; 2440.921957; 2440.921957; 2440.921957; 2440.921957; 2440.921957; 2440.921957; 2440.921957; 2440.921957; 2440.921957; 2440.921957; 2440.921957; 2440.921957; 2440.921957; 2440.921957; 2440.921957; 2440.921957; 2440.921957; 2440.921957; 2440.921957; 2440.921957; 2440.921957; 2440.921957; 2440.921957; 2440.921957; 2440.921957; 2440.921957; 2440.921957; 2440.921957; 2440.921957; 2440.921957; 2440.921957; 2440.921957; 2440.921957; 2440.921957; 2440.921957; 2440.921957; 2440.921957; 2440.921957; 2440.921957; 2440.921957; 2440.921957; 2440.921957; 2440.921957; 2440.921957; 2440.921957; 2440.921957; 2440.921957; 2440.921957; 2440.921957; 2440.921957; 2440.921957; 2440.921957; 2440.921957; 2440.921957; 2440.921957; 2440.921957; 2440.921957; 2440.921957; 2440.921957; 2440.921957; 2440.921957; 2440.921957; 2440.921957; 2440.921957; 2440.921957; 2440.921957; 2440.921957; 2440.921957; 2440.921957; 2440.921957; 2440.921957; 2440.921957; 2440.921957; 2440.921957; 2440.921957; 2440.921957; 2440.921957; 2440.921957; 2440.921957; 2440.921957; 2440.921957; 2440.921957; 2440.921957]
berlin52,5,100000,184,0.8,0.043,64.358,0.00041,2440.921957,12133.09945,41.907672,[[0; 35; 38; 39; 37; 4; 14; 5; 3; 27; 10; 50; 11; 24; 47; 36; 33; 34; 48; 0][0; 31; 44; 18; 40; 7; 8; 9; 32; 42; 23; 15; 0][0; 21; 30; 17; 2; 16; 20; 41; 6; 1; 29; 28; 49; 19; 22; 0][0; 51; 0][0; 43; 45; 25; 26; 12; 13; 46; 0]],[5194.917139; 4238.204161; 3756.700275; 3251.116226; 2951.892543; 2951.892543; 2861.434301; 2765.482712; 2765.482712; 2731.480920; 2693.331695; 2561.069300; 2561.069300; 2510.404068; 2510.404068; 2508.532580; 2494.008101; 2483.170933; 2483.170933; 2483.170933; 2483.170933; 2480.063173; 2479.120326; 2478.855583; 2478.855583; 2478.855583; 2477.965118; 2477.965118; 2477.965118; 2477.965118; 2477.965118; 2477.965118; 2477.965118; 2477.965118; 2477.965118; 2477.965118; 2477.965118; 2477.965118; 2477.965118; 2477.965118; 2477.965118; 2477.965118; 2477.965118; 2477.965118; 2477.965118; 2477.965118; 2477.965118; 2477.965118; 2477.965118; 2477.965118; 2477.965118; 2477.965118; 2477.965118; 2477.965118; 2477.965118; 2477.965118; 2477.965118; 2477.965118; 2477.965118; 2477.965118; 2477.965118; 2477.965118; 2477.965118; 2477.965118; 2477.965118; 2477.965118; 2477.965118; 2477.965118; 2477.965118; 2477.965118; 2477.965118; 2477.965118; 2474.118474; 2474.118474; 2474.118474; 2474.118474; 2474.118474; 2474.118474; 2445.701202; 2445.701202; 2445.701202; 2441.443376; 2441.392615; 2440.921957; 2440.921957; 2440.921957; 2440.921957; 2440.921957; 2440.921957; 2440.921957; 2440.921957; 2440.921957; 2440.921957; 2440.921957; 2440.921957; 2440.921957; 2440.921957; 2440.921957; 2440.921957; 2440.921957; 2440.921957; 2440.921957; 2440.921957; 2440.921957; 2440.921957; 2440.921957; 2440.921957; 2440.921957; 2440.921957; 2440.921957; 2440.921957; 2440.921957; 2440.921957; 2440.921957; 2440.921957; 2440.921957; 2440.921957; 2440.921957; 2440.921957; 2440.921957; 2440.921957; 2440.921957; 2440.921957; 2440.921957; 2440.921957; 2440.921957; 2440.921957; 2440.921957; 2440.921957; 2440.921957; 2440.921957; 2440.921957; 2440.921957; 2440.921957; 2440.921957; 2440.921957; 2440.921957; 2440.921957; 2440.921957; 2440.921957; 2440.921957; 2440.921957; 2440.921957; 2440.921957; 2440.921957; 2440.921957; 2440.921957; 2440.921957; 2440.921957; 2440.921957; 2440.921957; 2440.921957; 2440.921957; 2440.921957; 2440.921957; 2440.921957; 2440.921957; 2440.921957; 2440.921957; 2440.921957; 2440.921957; 2440.921957; 2440.921957; 2440.921957; 2440.921957; 2440.921957; 2440.921957; 2440.921957; 2440.921957; 2440.921957; 2440.921957; 2440.921957; 2440.921957; 2440.921957; 2440.921957; 2440.921957; 2440.921957; 2440.921957; 2440.921957; 2440.921957; 2440.921957; 2440.921957; 2440.921957; 2440.921957; 2440.921957]
berlin52,5,100000,128,0.8,0.041,45.608,0.00041,2440.921957,11895.87388,239.240485,[[0; 48; 31; 44; 18; 40; 7; 8; 9; 32; 42; 35; 38; 0][0; 21; 30; 17; 2; 16; 20; 41; 6; 1; 29; 28; 49; 19; 22; 0][0; 34; 33; 36; 39; 37; 4; 14; 5; 3; 11; 50; 10; 27; 24; 47; 23; 0][0; 15; 46; 13; 12; 26; 25; 45; 43; 0][0; 51; 0]],[5424.926202; 3675.379321; 3442.039162; 3246.427426; 3056.999026; 2945.338255; 2855.400458; 2742.360084; 2742.360084; 2715.880252; 2658.513296; 2562.074742; 2546.172581; 2505.934962; 2489.982078; 2484.551142; 2482.118794; 2470.179786; 2466.588141; 2463.368641; 2445.239259; 2445.239259; 2444.772494; 2441.392615; 2441.392615; 2441.392615; 2441.392615; 2440.921957; 2440.921957; 2440.921957; 2440.921957; 2440.921957; 2440.921957; 2440.921957; 2440.921957; 2440.921957; 2440.921957; 2440.921957; 2440.921957; 2440.921957; 2440.921957; 2440.921957; 2440.921957; 2440.921957; 2440.921957; 2440.921957; 2440.921957; 2440.921957; 2440.921957; 2440.921957; 2440.921957; 2440.921957; 2440.921957; 2440.921957; 2440.921957; 2440.921957; 2440.921957; 2440.921957; 2440.921957; 2440.921957; 2440.921957; 2440.921957; 2440.921957; 2440.921957; 2440.921957; 2440.921957; 2440.921957; 2440.921957; 2440.921957; 2440.921957; 2440.921957; 2440.921957; 2440.921957; 2440.921957; 2440.921957; 2440.921957; 2440.921957; 2440.921957; 2440.921957; 2440.921957; 2440.921957; 2440.921957; 2440.921957; 2440.921957; 2440.921957; 2440.921957; 2440.921957; 2440.921957; 2440.921957; 2440.921957; 2440.921957; 2440.921957; 2440.921957; 2440.921957; 2440.921957; 2440.921957; 2440.921957; 2440.921957; 2440.921957; 2440.921957; 2440.921957; 2440.921957; 2440.921957; 2440.921957; 2440.921957; 2440.921957; 2440.921957; 2440.921957; 2440.921957; 2440.921957; 2440.921957; 2440.921957; 2440.921957; 2440.921957; 2440.921957; 2440.921957; 2440.921957; 2440.921957; 2440.921957; 2440.921957; 2440.921957; 2440.921957; 2440.921957; 2440.921957; 2440.921957; 2440.921957; 2440.921957; 2440.921957; 2440.921957]
berlin52,5,100000,141,0.8,0.04,49.815,0.00041,2440.921957,11893.78425,206.489102,[[0; 21; 30; 17; 2; 16; 20; 41; 6; 1; 29; 28; 49; 19; 22; 0][0; 15; 46; 13; 12; 26; 25; 45; 43; 0][0; 35; 34; 33; 36; 37; 23; 47; 24; 27; 10; 50; 11; 3; 5; 4; 0][0; 51; 0][0; 31; 48; 38; 39; 14; 42; 32; 9; 8; 7; 40; 18; 44; 0]],[5166.515014; 3975.464707; 3556.039154; 3204.024752; 3027.086647; 2952.975820; 2818.664134; 2794.041958; 2716.782458; 2716.782458; 2591.334674; 2591.334674; 2551.771169; 2551.771169; 2533.188407; 2524.135317; 2514.559251; 2486.314164; 2486.314164; 2483.399948; 2483.399948; 2463.368641; 2463.368641; 2451.551884; 2451.551884; 2451.551884; 2451.551884; 2451.551884; 2450.203430; 2444.772494; 2444.772494; 2444.772494; 2444.772494; 2444.768601; 2444.768601; 2442.360793; 2441.443376; 2441.443376; 2441.443376; 2441.443376; 2440.921957; 2440.921957; 2440.921957; 2440.921957; 2440.921957; 2440.921957; 2440.921957; 2440.921957; 2440.921957; 2440.921957; 2440.921957; 2440.921957; 2440.921957; 2440.921957; 2440.921957; 2440.921957; 2440.921957; 2440.921957; 2440.921957; 2440.921957; 2440.921957; 2440.921957; 2440.921957; 2440.921957; 2440.921957; 2440.921957; 2440.921957; 2440.921957; 2440.921957; 2440.921957; 2440.921957; 2440.921957; 2440.921957; 2440.921957; 2440.921957; 2440.921957; 2440.921957; 2440.921957; 2440.921957; 2440.921957; 2440.921957; 2440.921957; 2440.921957; 2440.921957; 2440.921957; 2440.921957; 2440.921957; 2440.921957; 2440.921957; 2440.921957; 2440.921957; 2440.921957; 2440.921957; 2440.921957; 2440.921957; 2440.921957; 2440.921957; 2440.921957; 2440.921957; 2440.921957; 2440.921957; 2440.921957; 2440.921957; 2440.921957; 2440.921957; 2440.921957; 2440.921957; 2440.921957; 2440.921957; 2440.921957; 2440.921957; 2440.921957; 2440.921957; 2440.921957; 2440.921957; 2440.921957; 2440.921957; 2440.921957; 2440.921957; 2440.921957; 2440.921957; 2440.921957; 2440.921957; 2440.921957; 2440.921957; 2440.921957; 2440.921957; 2440.921957; 2440.921957; 2440.921957; 2440.921957; 2440.921957; 2440.921957; 2440.921957; 2440.921957; 2440.921957; 2440.921957; 2440.921957; 2440.921957; 2440.921957; 2440.921957; 2440.921957]
berlin52,5,100000,136,0.8,0.038,48.155,0.00041,2440.921957,12117.9751,42.063078,[[0; 21; 30; 17; 2; 16; 20; 41; 6; 1; 29; 28; 49; 19; 22; 0][0; 35; 38; 39; 47; 5; 3; 11; 50; 10; 27; 24; 45; 0][0; 48; 31; 44; 18; 40; 7; 8; 9; 32; 42; 4; 23; 14; 37; 36; 43; 33; 34; 0][0; 15; 25; 26; 12; 13; 46; 0][0; 51; 0]],[5357.429187; 3987.696258; 3413.983512; 3230.435746; 3045.700182; 2864.793993; 2782.319476; 2767.566257; 2720.434820; 2694.836021; 2660.362968; 2557.755985; 2557.755985; 2557.755985; 2515.579055; 2515.579055; 2491.460877; 2491.460877; 2482.765882; 2482.765882; 2479.788184; 2475.795101; 2475.090670; 2474.639894; 2449.552040; 2444.772494; 2444.772494; 2444.772494; 2444.772494; 2444.772494; 2444.772494; 2441.443376; 2441.443376; 2441.443376; 2441.443376; 2440.921957; 2440.921957; 2440.921957; 2440.921957; 2440.921957; 2440.921957; 2440.921957; 2440.921957; 2440.921957; 2440.921957; 2440.921957; 2440.921957; 2440.921957; 2440.921957; 2440.921957; 2440.921957; 2440.921957; 2440.921957; 2440.921957; 2440.921957; 2440.921957; 2440.921957; 2440.921957; 2440.921957; 2440.921957; 2440.921957; 2440.921957; 2440.921957; 2440.921957; 2440.921957; 2440.921957; 2440.921957; 2440.921957; 2440.921957; 2440.921957; 2440.921957; 2440.921957; 2440.921957; 2440.921957; 2440.921957; 2440.921957; 2440.921957; 2440.921957; 2440.921957; 2440.921957; 2440.921957; 2440.921957; 2440.921957; 2440.921957; 2440.921957; 2440.921957; 2440.921957; 2440.921957; 2440.921957; 2440.921957; 2440.921957; 2440.921957; 2440.921957; 2440.921957; 2440.921957; 2440.921957; 2440.921957; 2440.921957; 2440.921957; 2440.921957; 2440.921957; 2440.921957; 2440.921957; 2440.921957; 2440.921957; 2440.921957; 2440.921957; 2440.921957; 2440.921957; 2440.921957; 2440.921957; 2440.921957; 2440.921957; 2440.921957; 2440.921957; 2440.921957; 2440.921957; 2440.921957; 2440.921957; 2440.921957; 2440.921957; 2440.921957; 2440.921957; 2440.921957; 2440.921957; 2440.921957; 2440.921957; 2440.921957; 2440.921957; 2440.921957; 2440.921957; 2440.921957; 2440.921957; 2440.921957; 2440.921957; 2440.921957; 2440.921957]
berlin52,5,100000,274,0.8,0.017,94.597,0.00041,2440.921957,11987.18069,111.270465,[[0; 21; 30; 17; 2; 16; 20; 41; 6; 1; 29; 28; 49; 19; 22; 0][0; 48; 31; 44; 18; 40; 7; 8; 9; 32; 42; 3; 5; 14; 4; 23; 37; 39; 0][0; 33; 34; 35; 38; 36; 47; 24; 11; 50; 10; 26; 27; 45; 0][0; 43; 46; 13; 12; 25; 15; 0][0; 51; 0]],[5180.140727; 4150.992595; 3301.892691; 3285.363855; 2952.868619; 2873.092493; 2819.448442; 2720.977307; 2715.471015; 2701.917389; 2697.681506; 2571.111072; 2571.111072; 2571.111072; 2547.821148; 2541.333579; 2492.112568; 2488.135104; 2483.399948; 2480.070830; 2480.070830; 2480.070830; 2479.124219; 2475.008939; 2475.008939; 2475.008939; 2474.639894; 2474.639894; 2474.118474; 2474.118474; 2474.118474; 2474.118474; 2474.118474; 2474.118474; 2474.118474; 2474.118474; 2474.118474; 2474.118474; 2474.118474; 2474.118474; 2474.118474; 2474.118474; 2474.118474; 2474.118474; 2474.118474; 2474.118474; 2474.118474; 2474.118474; 2474.118474; 2474.118474; 2474.118474; 2474.118474; 2474.118474; 2474.118474; 2474.118474; 2474.118474; 2474.118474; 2474.118474; 2474.118474; 2474.118474; 2474.118474; 2474.118474; 2474.118474; 2474.118474; 2474.118474; 2474.118474; 2474.118474; 2474.118474; 2474.118474; 2474.118474; 2474.118474; 2474.118474; 2474.118474; 2474.118474; 2474.118474; 2474.118474; 2474.118474; 2474.118474; 2474.118474; 2474.118474; 2474.118474; 2474.118474; 2474.118474; 2474.118474; 2474.118474; 2474.118474; 2474.118474; 2474.118474; 2474.118474; 2474.118474; 2474.118474; 2474.118474; 2474.118474; 2474.118474; 2474.118474; 2474.118474; 2474.118474; 2474.118474; 2474.118474; 2474.118474; 2459.249106; 2459.249106; 2459.249106; 2459.249106; 2459.249106; 2459.249106; 2459.249106; 2459.249106; 2459.249106; 2459.249106; 2459.249106; 2459.249106; 2459.249106; 2459.249106; 2459.249106; 2459.249106; 2459.249106; 2459.249106; 2459.249106; 2459.249106; 2459.249106; 2459.249106; 2459.249106; 2459.249106; 2459.249106; 2459.249106; 2459.249106; 2459.249106; 2459.249106; 2459.249106; 2459.249106; 2459.249106; 2459.249106; 2459.249106; 2459.249106; 2459.249106; 2459.249106; 2459.249106; 2459.249106; 2459.249106; 2459.249106; 2459.249106; 2459.249106; 2459.249106; 2459.249106; 2459.249106; 2459.249106; 2459.249106; 2459.249106; 2459.249106; 2459.249106; 2459.249106; 2459.249106; 2459.249106; 2459.249106; 2459.249106; 2459.249106; 2459.249106; 2459.249106; 2459.249106; 2459.249106; 2459.249106; 2459.249106; 2459.249106; 2459.249106; 2454.492427; 2454.492427; 2454.492427; 2448.176530; 2448.176530; 2441.392615; 2441.392615; 2441.392615; 2440.921957; 2440.921957; 2440.921957; 2440.921957; 2440.921957; 2440.921957; 2440.921957; 2440.921957; 2440.921957; 2440.921957; 2440.921957; 2440.921957; 2440.921957; 2440.921957; 2440.921957; 2440.921957; 2440.921957; 2440.921957; 2440.921957; 2440.921957; 2440.921957; 2440.921957; 2440.921957; 2440.921957; 2440.921957; 2440.921957; 2440.921957; 2440.921957; 2440.921957; 2440.921957; 2440.921957; 2440.921957; 2440.921957; 2440.921957; 2440.921957; 2440.921957; 2440.921957; 2440.921957; 2440.921957; 2440.921957; 2440.921957; 2440.921957; 2440.921957; 2440.921957; 2440.921957; 2440.921957; 2440.921957; 2440.921957; 2440.921957; 2440.921957; 2440.921957; 2440.921957; 2440.921957; 2440.921957; 2440.921957; 2440.921957; 2440.921957; 2440.921957; 2440.921957; 2440.921957; 2440.921957; 2440.921957; 2440.921957; 2440.921957; 2440.921957; 2440.921957; 2440.921957; 2440.921957; 2440.921957; 2440.921957; 2440.921957; 2440.921957; 2440.921957; 2440.921957; 2440.921957; 2440.921957; 2440.921957; 2440.921957; 2440.921957; 2440.921957; 2440.921957; 2440.921957; 2440.921957; 2440.921957; 2440.921957; 2440.921957; 2440.921957; 2440.921957; 2440.921957; 2440.921957; 2440.921957; 2440.921957; 2440.921957; 2440.921957; 2440.921957; 2440.921957; 2440.921957; 2440.921957; 2440.921957; 2440.921957; 2440.921957; 2440.921957]
berlin52,5,100000,125,0.8,0.013,42.753,0.00041,2440.921957,12007.90654,86.752847,[[0; 34; 35; 38; 39; 37; 14; 5; 24; 27; 10; 50; 11; 3; 4; 23; 47; 36; 33; 0][0; 43; 45; 25; 26; 12; 13; 46; 15; 0][0; 30; 17; 16; 20; 41; 6; 1; 29; 28; 49; 19; 22; 21; 0][0; 48; 31; 42; 32; 9; 8; 7; 40; 18; 44; 2; 0][0; 51; 0]],[5458.479427; 4123.545599; 3601.079803; 3221.784796; 2971.250338; 2951.869204; 2796.953353; 2745.303533; 2651.236106; 2651.236106; 2651.236106; 2575.468967; 2575.468967; 2511.138357; 2489.982078; 2477.345569; 2477.345569; 2448.203760; 2445.243152; 2442.772824; 2441.392615; 2441.392615; 2441.392615; 2441.392615; 2440.921957; 2440.921957; 2440.921957; 2440.921957; 2440.921957; 2440.921957; 2440.921957; 2440.921957; 2440.921957; 2440.921957; 2440.921957; 2440.921957; 2440.921957; 2440.921957; 2440.921957; 2440.921957; 2440.921957; 2440.921957; 2440.921957; 2440.921957; 2440.921957; 2440.921957; 2440.921957; 2440.921957; 2440.921957; 2440.921957; 2440.921957; 2440.921957; 2440.921957; 2440.921957; 2440.921957; 2440.921957; 2440.921957; 2440.921957; 2440.921957; 2440.921957; 2440.921957; 2440.921957; 2440.921957; 2440.921957; 2440.921957; 2440.921957; 2440.921957; 2440.921957; 2440.921957; 2440.921957; 2440.921957; 2440.921957; 2440.921957; 2440.921957; 2440.921957; 2440.921957; 2440.921957; 2440.921957; 2440.921957; 2440.921957; 2440.921957; 2440.921957; 2440.921957; 2440.921957; 2440.921957; 2440.921957; 2440.921957; 2440.921957; 2440.921957; 2440.921957; 2440.921957; 2440.921957; 2440.921957; 2440.921957; 2440.921957; 2440.921957; 2440.921957; 2440.921957; 2440.921957; 2440.921957; 2440.921957; 2440.921957; 2440.921957; 2440.921957; 2440.921957; 2440.921957; 2440.921957; 2440.921957; 2440.921957; 2440.921957; 2440.921957; 2440.921957; 2440.921957; 2440.921957; 2440.921957; 2440.921957; 2440.921957; 2440.921957; 2440.921957; 2440.921957; 2440.921957; 2440.921957; 2440.921957; 2440.921957; 2440.921957; 2440.921957]
berlin52,5,100000,126,0.8,0.011,43.055,0.00041,2440.921957,12075.13414,65.300226,[[0; 17; 2; 44; 18; 40; 7; 9; 8; 32; 42; 31; 0][0; 48; 35; 38; 39; 37; 4; 14; 5; 3; 11; 50; 10; 27; 24; 23; 47; 36; 33; 34; 0][0; 43; 45; 25; 26; 12; 13; 46; 15; 0][0; 51; 0][0; 21; 30; 20; 16; 41; 6; 1; 29; 28; 22; 19; 49; 0]],[5348.565579; 3887.594864; 3595.482521; 3166.725392; 2936.863727; 2886.650642; 2861.204514; 2738.543055; 2704.940468; 2621.277974; 2549.356702; 2494.425364; 2494.425364; 2470.742415; 2470.742415; 2455.453527; 2455.453527; 2450.203430; 2446.619468; 2444.772494; 2444.772494; 2444.772494; 2441.443376; 2441.392615; 2441.392615; 2440.921957; 2440.921957; 2440.921957; 2440.921957; 2440.921957; 2440.921957; 2440.921957; 2440.921957; 2440.921957; 2440.921957; 2440.921957; 2440.921957; 2440.921957; 2440.921957; 2440.921957; 2440.921957; 2440.921957; 2440.921957; 2440.921957; 2440.921957; 2440.921957; 2440.921957; 2440.921957; 2440.921957; 2440.921957; 2440.921957; 2440.921957; 2440.921957; 2440.921957; 2440.921957; 2440.921957; 2440.921957; 2440.921957; 2440.921957; 2440.921957; 2440.921957; 2440.921957; 2440.921957; 2440.921957; 2440.921957; 2440.921957; 2440.921957; 2440.921957; 2440.921957; 2440.921957; 2440.921957; 2440.921957; 2440.921957; 2440.921957; 2440.921957; 2440.921957; 2440.921957; 2440.921957; 2440.921957; 2440.921957; 2440.921957; 2440.921957; 2440.921957; 2440.921957; 2440.921957; 2440.921957; 2440.921957; 2440.921957; 2440.921957; 2440.921957; 2440.921957; 2440.921957; 2440.921957; 2440.921957; 2440.921957; 2440.921957; 2440.921957; 2440.921957; 2440.921957; 2440.921957; 2440.921957; 2440.921957; 2440.921957; 2440.921957; 2440.921957; 2440.921957; 2440.921957; 2440.921957; 2440.921957; 2440.921957; 2440.921957; 2440.921957; 2440.921957; 2440.921957; 2440.921957; 2440.921957; 2440.921957; 2440.921957; 2440.921957; 2440.921957; 2440.921957; 2440.921957; 2440.921957; 2440.921957; 2440.921957; 2440.921957; 2440.921957]
berlin52,5,100000,124,0.8,0.009,43.014,0.00041,2440.921957,12109.64679,46.035648,[[0; 30; 17; 2; 16; 20; 41; 6; 1; 29; 28; 49; 19; 22; 0][0; 21; 44; 18; 40; 7; 8; 9; 42; 32; 14; 39; 38; 35; 31; 0][0; 15; 46; 13; 12; 26; 25; 45; 33; 0][0; 51; 0][0; 48; 34; 36; 37; 47; 23; 4; 5; 3; 11; 50; 10; 27; 24; 43; 0]],[5293.020373; 3997.287290; 3261.923368; 3177.674038; 2980.863160; 2924.257066; 2775.476835; 2737.066195; 2713.598548; 2644.389565; 2640.490776; 2539.559119; 2518.919467; 2514.184311; 2466.787661; 2450.674088; 2450.674088; 2448.189920; 2444.768601; 2441.628067; 2441.392615; 2441.392615; 2441.392615; 2440.921957; 2440.921957; 2440.921957; 2440.921957; 2440.921957; 2440.921957; 2440.921957; 2440.921957; 2440.921957; 2440.921957; 2440.921957; 2440.921957; 2440.921957; 2440.921957; 2440.921957; 2440.921957; 2440.921957; 2440.921957; 2440.921957; 2440.921957; 2440.921957; 2440.921957; 2440.921957; 2440.921957; 2440.921957; 2440.921957; 2440.921957; 2440.921957; 2440.921957; 2440.921957; 2440.921957; 2440.921957; 2440.921957; 2440.921957; 2440.921957; 2440.921957; 2440.921957; 2440.921957; 2440.921957; 2440.921957; 2440.921957; 2440.921957; 2440.921957; 2440.921957; 2440.921957; 2440.921957; 2440.921957; 2440.921957; 2440.921957; 2440.921957; 2440.921957; 2440.921957; 2440.921957; 2440.921957; 2440.921957; 2440.921957; 2440.921957; 2440.921957; 2440.921957; 2440.921957; 2440.921957; 2440.921957; 2440.921957; 2440.921957; 2440.921957; 2440.921957; 2440.921957; 2440.921957; 2440.921957; 2440.921957; 2440.921957; 2440.921957; 2440.921957; 2440.921957; 2440.921957; 2440.921957; 2440.921957; 2440.921957; 2440.921957; 2440.921957; 2440.921957; 2440.921957; 2440.921957; 2440.921957; 2440.921957; 2440.921957; 2440.921957; 2440.921957; 2440.921957; 2440.921957; 2440.921957; 2440.921957; 2440.921957; 2440.921957; 2440.921957; 2440.921957; 2440.921957; 2440.921957; 2440.921957; 2440.921957; 2440.921957; 2440.921957]
berlin52,5,100000,123,0.8,0.007,41.788,0.00041,2440.921957,12025.55598,80.790232,[[0; 34; 36; 37; 4; 14; 5; 3; 11; 50; 10; 27; 24; 23; 47; 33; 0][0; 43; 45; 25; 26; 12; 13; 46; 15; 0][0; 48; 35; 38; 39; 42; 32; 9; 8; 40; 18; 7; 44; 31; 0][0; 22; 19; 49; 28; 29; 41; 1; 6; 20; 16; 2; 17; 30; 21; 0][0; 51; 0]],[5254.198625; 3931.432960; 3288.623991; 3180.832374; 2866.931120; 2841.901009; 2747.310531; 2711.507507; 2701.321290; 2680.775860; 2659.366447; 2599.273666; 2599.273666; 2567.786152; 2508.111460; 2508.111460; 2464.748850; 2441.628067; 2441.392615; 2441.392615; 2441.392615; 2441.392615; 2440.921957; 2440.921957; 2440.921957; 2440.921957; 2440.921957; 2440.921957; 2440.921957; 2440.921957; 2440.921957; 2440.921957; 2440.921957; 2440.921957; 2440.921957; 2440.921957; 2440.921957; 2440.921957; 2440.921957; 2440.921957; 2440.921957; 2440.921957; 2440.921957; 2440.921957; 2440.921957; 2440.921957; 2440.921957; 2440.921957; 2440.921957; 2440.921957; 2440.921957; 2440.921957; 2440.921957; 2440.921957; 2440.921957; 2440.921957; 2440.921957; 2440.921957; 2440.921957; 2440.921957; 2440.921957; 2440.921957; 2440.921957; 2440.921957; 2440.921957; 2440.921957; 2440.921957; 2440.921957; 2440.921957; 2440.921957; 2440.921957; 2440.921957; 2440.921957; 2440.921957; 2440.921957; 2440.921957; 2440.921957; 2440.921957; 2440.921957; 2440.921957; 2440.921957; 2440.921957; 2440.921957; 2440.921957; 2440.921957; 2440.921957; 2440.921957; 2440.921957; 2440.921957; 2440.921957; 2440.921957; 2440.921957; 2440.921957; 2440.921957; 2440.921957; 2440.921957; 2440.921957; 2440.921957; 2440.921957; 2440.921957; 2440.921957; 2440.921957; 2440.921957; 2440.921957; 2440.921957; 2440.921957; 2440.921957; 2440.921957; 2440.921957; 2440.921957; 2440.921957; 2440.921957; 2440.921957; 2440.921957; 2440.921957; 2440.921957; 2440.921957; 2440.921957; 2440.921957; 2440.921957; 2440.921957; 2440.921957; 2440.921957; 2440.921957]
berlin52,5,100000,124,0.8,0.005,46.519,0.00041,2440.921957,12043.00834,99.857872,[[0; 21; 22; 19; 49; 28; 29; 1; 6; 41; 20; 16; 2; 17; 30; 0][0; 48; 31; 44; 18; 40; 7; 8; 9; 32; 42; 14; 4; 23; 37; 39; 38; 43; 0][0; 15; 46; 13; 12; 26; 25; 45; 33; 34; 0][0; 35; 36; 47; 5; 24; 11; 27; 10; 50; 3; 0][0; 51; 0]],[5323.944038; 4088.945583; 3524.407958; 3021.387540; 2888.240706; 2839.174842; 2765.272511; 2693.331695; 2693.331695; 2666.276125; 2633.299690; 2566.769755; 2551.493828; 2511.365898; 2511.365898; 2489.823627; 2483.399948; 2444.768601; 2444.768601; 2444.768601; 2442.772824; 2441.392615; 2441.392615; 2440.921957; 2440.921957; 2440.921957; 2440.921957; 2440.921957; 2440.921957; 2440.921957; 2440.921957; 2440.921957; 2440.921957; 2440.921957; 2440.921957; 2440.921957; 2440.921957; 2440.921957; 2440.921957; 2440.921957; 2440.921957; 2440.921957; 2440.921957; 2440.921957; 2440.921957; 2440.921957; 2440.921957; 2440.921957; 2440.921957; 2440.921957; 2440.921957; 2440.921957; 2440.921957; 2440.921957; 2440.921957; 2440.921957; 2440.921957; 2440.921957; 2440.921957; 2440.921957; 2440.921957; 2440.921957; 2440.921957; 2440.921957; 2440.921957; 2440.921957; 2440.921957; 2440.921957; 2440.921957; 2440.921957; 2440.921957; 2440.921957; 2440.921957; 2440.921957; 2440.921957; 2440.921957; 2440.921957; 2440.921957; 2440.921957; 2440.921957; 2440.921957; 2440.921957; 2440.921957; 2440.921957; 2440.921957; 2440.921957; 2440.921957; 2440.921957; 2440.921957; 2440.921957; 2440.921957; 2440.921957; 2440.921957; 2440.921957; 2440.921957; 2440.921957; 2440.921957; 2440.921957; 2440.921957; 2440.921957; 2440.921957; 2440.921957; 2440.921957; 2440.921957; 2440.921957; 2440.921957; 2440.921957; 2440.921957; 2440.921957; 2440.921957; 2440.921957; 2440.921957; 2440.921957; 2440.921957; 2440.921957; 2440.921957; 2440.921957; 2440.921957; 2440.921957; 2440.921957; 2440.921957; 2440.921957; 2440.921957; 2440.921957; 2440.921957]
berlin52,5,100000,161,0.8,0.003005,60.96,0.00041,2440.921957,11947.95528,216.367699,[[0; 43; 45; 25; 26; 12; 13; 46; 0][0; 48; 35; 34; 33; 36; 47; 23; 24; 11; 10; 50; 3; 5; 14; 4; 37; 39; 38; 0][0; 21; 30; 20; 16; 41; 6; 1; 29; 22; 19; 49; 28; 15; 0][0; 31; 17; 2; 44; 18; 40; 7; 8; 9; 32; 42; 0][0; 27; 51; 0]],[5333.681684; 3983.883096; 3285.980399; 3175.407776; 3040.091094; 2828.953734; 2792.259069; 2728.495201; 2715.994168; 2619.715248; 2617.806876; 2521.168424; 2519.023511; 2492.112568; 2485.605078; 2477.941839; 2469.819380; 2458.551893; 2458.551893; 2443.102232; 2443.102232; 2441.392615; 2441.392615; 2441.392615; 2441.392615; 2441.392615; 2441.392615; 2441.392615; 2441.392615; 2441.392615; 2441.392615; 2441.392615; 2441.392615; 2441.392615; 2441.392615; 2441.392615; 2441.392615; 2441.392615; 2441.392615; 2441.392615; 2441.392615; 2441.392615; 2441.392615; 2441.392615; 2441.392615; 2441.392615; 2441.392615; 2441.392615; 2441.392615; 2441.392615; 2441.392615; 2441.392615; 2441.392615; 2441.392615; 2441.392615; 2441.392615; 2441.392615; 2441.392615; 2441.392615; 2441.392615; 2440.921957; 2440.921957; 2440.921957; 2440.921957; 2440.921957; 2440.921957; 2440.921957; 2440.921957; 2440.921957; 2440.921957; 2440.921957; 2440.921957; 2440.921957; 2440.921957; 2440.921957; 2440.921957; 2440.921957; 2440.921957; 2440.921957; 2440.921957; 2440.921957; 2440.921957; 2440.921957; 2440.921957; 2440.921957; 2440.921957; 2440.921957; 2440.921957; 2440.921957; 2440.921957; 2440.921957; 2440.921957; 2440.921957; 2440.921957; 2440.921957; 2440.921957; 2440.921957; 2440.921957; 2440.921957; 2440.921957; 2440.921957; 2440.921957; 2440.921957; 2440.921957; 2440.921957; 2440.921957; 2440.921957; 2440.921957; 2440.921957; 2440.921957; 2440.921957; 2440.921957; 2440.921957; 2440.921957; 2440.921957; 2440.921957; 2440.921957; 2440.921957; 2440.921957; 2440.921957; 2440.921957; 2440.921957; 2440.921957; 2440.921957; 2440.921957; 2440.921957; 2440.921957; 2440.921957; 2440.921957; 2440.921957; 2440.921957; 2440.921957; 2440.921957; 2440.921957; 2440.921957; 2440.921957; 2440.921957; 2440.921957; 2440.921957; 2440.921957; 2440.921957; 2440.921957; 2440.921957; 2440.921957; 2440.921957; 2440.921957; 2440.921957; 2440.921957; 2440.921957; 2440.921957; 2440.921957; 2440.921957; 2440.921957; 2440.921957; 2440.921957; 2440.921957; 2440.921957; 2440.921957; 2440.921957; 2440.921957; 2440.921957; 2440.921957]
berlin52,5,100000,126,0.8,0.003005,47.789,0.00041,2440.921957,12038.64914,100.681099,[[0; 34; 35; 36; 47; 23; 4; 5; 24; 11; 27; 10; 50; 3; 14; 37; 39; 0][0; 21; 30; 17; 44; 18; 40; 7; 8; 9; 32; 42; 38; 33; 0][0; 43; 45; 25; 26; 12; 13; 46; 15; 0][0; 48; 31; 2; 16; 20; 6; 1; 41; 29; 28; 49; 19; 22; 0][0; 51; 0]],[5419.991698; 4011.592399; 3531.932149; 3200.306042; 2907.586615; 2775.255923; 2775.255923; 2724.553223; 2672.304344; 2647.112693; 2631.590740; 2503.376303; 2503.376303; 2502.680524; 2497.945367; 2484.551142; 2475.854550; 2452.050404; 2452.050404; 2446.619468; 2446.619468; 2441.392615; 2441.392615; 2441.392615; 2441.392615; 2440.921957; 2440.921957; 2440.921957; 2440.921957; 2440.921957; 2440.921957; 2440.921957; 2440.921957; 2440.921957; 2440.921957; 2440.921957; 2440.921957; 2440.921957; 2440.921957; 2440.921957; 2440.921957; 2440.921957; 2440.921957; 2440.921957; 2440.921957; 2440.921957; 2440.921957; 2440.921957; 2440.921957; 2440.921957; 2440.921957; 2440.921957; 2440.921957; 2440.921957; 2440.921957; 2440.921957; 2440.921957; 2440.921957; 2440.921957; 2440.921957; 2440.921957; 2440.921957; 2440.921957; 2440.921957; 2440.921957; 2440.921957; 2440.921957; 2440.921957; 2440.921957; 2440.921957; 2440.921957; 2440.921957; 2440.921957; 2440.921957; 2440.921957; 2440.921957; 2440.921957; 2440.921957; 2440.921957; 2440.921957; 2440.921957; 2440.921957; 2440.921957; 2440.921957; 2440.921957; 2440.921957; 2440.921957; 2440.921957; 2440.921957; 2440.921957; 2440.921957; 2440.921957; 2440.921957; 2440.921957; 2440.921957; 2440.921957; 2440.921957; 2440.921957; 2440.921957; 2440.921957; 2440.921957; 2440.921957; 2440.921957; 2440.921957; 2440.921957; 2440.921957; 2440.921957; 2440.921957; 2440.921957; 2440.921957; 2440.921957; 2440.921957; 2440.921957; 2440.921957; 2440.921957; 2440.921957; 2440.921957; 2440.921957; 2440.921957; 2440.921957; 2440.921957; 2440.921957; 2440.921957; 2440.921957; 2440.921957; 2440.921957; 2440.921957]
berlin52,5,100000,141,0.8,0.003005,53.991,0.00041,2440.921957,11810.14538,216.367699,[[0; 31; 44; 42; 32; 9; 8; 7; 18; 40; 0][0; 48; 35; 34; 33; 36; 47; 23; 24; 11; 10; 50; 3; 5; 14; 4; 37; 39; 38; 0][0; 43; 45; 25; 26; 12; 13; 46; 15; 0][0; 21; 30; 17; 2; 16; 20; 41; 6; 1; 29; 28; 49; 19; 22; 0][0; 27; 51; 0]],[5265.801118; 3985.399440; 3437.624936; 3121.624630; 2876.124053; 2833.072532; 2747.033490; 2699.558079; 2660.656597; 2593.463061; 2548.134686; 2543.966138; 2517.056667; 2492.112568; 2444.789374; 2444.789374; 2441.392615; 2441.392615; 2441.392615; 2441.392615; 2441.392615; 2441.392615; 2441.392615; 2441.392615; 2441.392615; 2441.392615; 2441.392615; 2441.392615; 2441.392615; 2441.392615; 2441.392615; 2441.392615; 2441.392615; 2441.392615; 2441.392615; 2441.392615; 2441.392615; 2441.392615; 2441.392615; 2441.392615; 2440.921957; 2440.921957; 2440.921957; 2440.921957; 2440.921957; 2440.921957; 2440.921957; 2440.921957; 2440.921957; 2440.921957; 2440.921957; 2440.921957; 2440.921957; 2440.921957; 2440.921957; 2440.921957; 2440.921957; 2440.921957; 2440.921957; 2440.921957; 2440.921957; 2440.921957; 2440.921957; 2440.921957; 2440.921957; 2440.921957; 2440.921957; 2440.921957; 2440.921957; 2440.921957; 2440.921957; 2440.921957; 2440.921957; 2440.921957; 2440.921957; 2440.921957; 2440.921957; 2440.921957; 2440.921957; 2440.921957; 2440.921957; 2440.921957; 2440.921957; 2440.921957; 2440.921957; 2440.921957; 2440.921957; 2440.921957; 2440.921957; 2440.921957; 2440.921957; 2440.921957; 2440.921957; 2440.921957; 2440.921957; 2440.921957; 2440.921957; 2440.921957; 2440.921957; 2440.921957; 2440.921957; 2440.921957; 2440.921957; 2440.921957; 2440.921957; 2440.921957; 2440.921957; 2440.921957; 2440.921957; 2440.921957; 2440.921957; 2440.921957; 2440.921957; 2440.921957; 2440.921957; 2440.921957; 2440.921957; 2440.921957; 2440.921957; 2440.921957; 2440.921957; 2440.921957; 2440.921957; 2440.921957; 2440.921957; 2440.921957; 2440.921957; 2440.921957; 2440.921957; 2440.921957; 2440.921957; 2440.921957; 2440.921957; 2440.921957; 2440.921957; 2440.921957; 2440.921957; 2440.921957; 2440.921957; 2440.921957; 2440.921957; 2440.921957]
berlin52,5,100000,161,0.8,0.003005,60.803,0.00041,2440.921957,11981.20228,99.047499,[[0; 33; 34; 35; 38; 39; 37; 5; 3; 24; 11; 50; 10; 45; 0][0; 27; 51; 0][0; 15; 25; 26; 12; 13; 46; 0][0; 21; 30; 17; 2; 16; 20; 41; 6; 1; 29; 28; 49; 19; 22; 0][0; 31; 48; 44; 18; 40; 7; 8; 9; 32; 42; 14; 4; 23; 47; 36; 43; 0]],[5298.733615; 3940.601827; 3270.170084; 3210.837026; 3065.016168; 2785.359232; 2785.004436; 2746.802323; 2693.503525; 2631.389338; 2571.546506; 2538.851350; 2524.809675; 2524.809675; 2503.376303; 2489.982078; 2470.179786; 2452.050404; 2452.050404; 2448.203760; 2446.619468; 2445.243152; 2442.772824; 2441.914034; 2441.914034; 2441.914034; 2441.392615; 2441.392615; 2441.392615; 2441.392615; 2441.392615; 2441.392615; 2441.392615; 2441.392615; 2441.392615; 2441.392615; 2441.392615; 2441.392615; 2441.392615; 2441.392615; 2441.392615; 2441.392615; 2441.392615; 2441.392615; 2441.392615; 2441.392615; 2441.392615; 2441.392615; 2441.392615; 2441.392615; 2441.392615; 2441.392615; 2441.392615; 2441.392615; 2441.392615; 2441.392615; 2441.392615; 2441.392615; 2441.392615; 2441.392615; 2440.921957; 2440.921957; 2440.921957; 2440.921957; 2440.921957; 2440.921957; 2440.921957; 2440.921957; 2440.921957; 2440.921957; 2440.921957; 2440.921957; 2440.921957; 2440.921957; 2440.921957; 2440.921957; 2440.921957; 2440.921957; 2440.921957; 2440.921957; 2440.921957; 2440.921957; 2440.921957; 2440.921957; 2440.921957; 2440.921957; 2440.921957; 2440.921957; 2440.921957; 2440.921957; 2440.921957; 2440.921957; 2440.921957; 2440.921957; 2440.921957; 2440.921957; 2440.921957; 2440.921957; 2440.921957; 2440.921957; 2440.921957; 2440.921957; 2440.921957; 2440.921957; 2440.921957; 2440.921957; 2440.921957; 2440.921957; 2440.921957; 2440.921957; 2440.921957; 2440.921957; 2440.921957; 2440.921957; 2440.921957; 2440.921957; 2440.921957; 2440.921957; 2440.921957; 2440.921957; 2440.921957; 2440.921957; 2440.921957; 2440.921957; 2440.921957; 2440.921957; 2440.921957; 2440.921957; 2440.921957; 2440.921957; 2440.921957; 2440.921957; 2440.921957; 2440.921957; 2440.921957; 2440.921957; 2440.921957; 2440.921957; 2440.921957; 2440.921957; 2440.921957; 2440.921957; 2440.921957; 2440.921957; 2440.921957; 2440.921957; 2440.921957; 2440.921957; 2440.921957; 2440.921957; 2440.921957; 2440.921957; 2440.921957; 2440.921957; 2440.921957; 2440.921957; 2440.921957; 2440.921957; 2440.921957; 2440.921957; 2440.921957; 2440.921957]
berlin52,5,100000,141,0.8,0.003005,53.983,0.00041,2440.921957,11811.38322,229.760253,[[0; 48; 31; 42; 32; 9; 8; 7; 40; 18; 44; 2; 0][0; 33; 36; 47; 23; 4; 24; 11; 10; 50; 3; 5; 14; 37; 39; 38; 35; 34; 0][0; 43; 45; 25; 26; 12; 13; 46; 15; 0][0; 27; 51; 0][0; 17; 30; 20; 16; 41; 6; 1; 29; 28; 49; 19; 22; 21; 0]],[5205.588936; 4181.327658; 3471.307765; 3268.973241; 2926.531484; 2788.633037; 2788.633037; 2721.893745; 2711.565921; 2659.993989; 2635.887625; 2564.987177; 2525.171440; 2502.680524; 2482.704168; 2482.704168; 2477.969012; 2454.239753; 2454.239753; 2442.772824; 2442.772824; 2441.914034; 2441.914034; 2441.392615; 2441.392615; 2441.392615; 2441.392615; 2441.392615; 2441.392615; 2441.392615; 2441.392615; 2441.392615; 2441.392615; 2441.392615; 2441.392615; 2441.392615; 2441.392615; 2441.392615; 2441.392615; 2441.392615; 2440.921957; 2440.921957; 2440.921957; 2440.921957; 2440.921957; 2440.921957; 2440.921957; 2440.921957; 2440.921957; 2440.921957; 2440.921957; 2440.921957; 2440.921957; 2440.921957; 2440.921957; 2440.921957; 2440.921957; 2440.921957; 2440.921957; 2440.921957; 2440.921957; 2440.921957; 2440.921957; 2440.921957; 2440.921957; 2440.921957; 2440.921957; 2440.921957; 2440.921957; 2440.921957; 2440.921957; 2440.921957; 2440.921957; 2440.921957; 2440.921957; 2440.921957; 2440.921957; 2440.921957; 2440.921957; 2440.921957; 2440.921957; 2440.921957; 2440.921957; 2440.921957; 2440.921957; 2440.921957; 2440.921957; 2440.921957; 2440.921957; 2440.921957; 2440.921957; 2440.921957; 2440.921957; 2440.921957; 2440.921957; 2440.921957; 2440.921957; 2440.921957; 2440.921957; 2440.921957; 2440.921957; 2440.921957; 2440.921957; 2440.921957; 2440.921957; 2440.921957; 2440.921957; 2440.921957; 2440.921957; 2440.921957; 2440.921957; 2440.921957; 2440.921957; 2440.921957; 2440.921957; 2440.921957; 2440.921957; 2440.921957; 2440.921957; 2440.921957; 2440.921957; 2440.921957; 2440.921957; 2440.921957; 2440.921957; 2440.921957; 2440.921957; 2440.921957; 2440.921957; 2440.921957; 2440.921957; 2440.921957; 2440.921957; 2440.921957; 2440.921957; 2440.921957; 2440.921957; 2440.921957; 2440.921957; 2440.921957; 2440.921957; 2440.921957]
berlin52,5,100000,97,0.8,0.000005,34.894,0.00041,2440.921957,12115.67236,66.283522,[[0; 35; 38; 39; 37; 14; 5; 3; 11; 50; 10; 27; 24; 33; 48; 0][0; 30; 17; 2; 16; 20; 41; 6; 1; 29; 28; 49; 19; 22; 21; 0][0; 43; 36; 47; 23; 4; 42; 32; 9; 8; 7; 40; 18; 44; 31; 34; 0][0; 15; 25; 26; 12; 13; 46; 0][0; 45; 51; 0]],[5454.201162; 3957.691962; 3266.702299; 3172.061907; 2952.836864; 2875.830988; 2820.161807; 2696.133132; 2650.607276; 2650.607276; 2573.176032; 2535.255846; 2519.155594; 2481.521057; 2481.521057; 2475.969342; 2464.748850; 2444.772494; 2444.772494; 2441.914034; 2441.914034; 2441.443376; 2441.443376; 2441.443376; 2441.443376; 2441.443376; 2441.443376; 2441.443376; 2441.443376; 2441.443376; 2441.443376; 2441.443376; 2441.443376; 2441.443376; 2441.443376; 2441.443376; 2441.443376; 2441.443376; 2441.443376; 2441.443376; 2440.921957; 2440.921957; 2440.921957; 2440.921957; 2440.921957; 2440.921957; 2440.921957; 2440.921957; 2440.921957; 2440.921957; 2440.921957; 2440.921957; 2440.921957; 2440.921957; 2440.921957; 2440.921957; 2440.921957; 2440.921957; 2440.921957; 2440.921957; 2440.921957; 2440.921957; 2440.921957; 2440.921957; 2440.921957; 2440.921957; 2440.921957; 2440.921957; 2440.921957; 2440.921957; 2440.921957; 2440.921957; 2440.921957; 2440.921957; 2440.921957; 2440.921957; 2440.921957; 2440.921957; 2440.921957; 2440.921957; 2440.921957; 2440.921957; 2440.921957; 2440.921957; 2440.921957; 2440.921957; 2440.921957; 2440.921957; 2440.921957; 2440.921957; 2440.921957; 2440.921957; 2440.921957; 2440.921957; 2440.921957; 2440.921957; 2440.921957; 2440.921957]
berlin52,5,100000,140,0.8,0.041,55.84,0.00041,2440.921957,12090.05856,46.035648,[[0; 30; 17; 2; 16; 20; 41; 6; 1; 29; 28; 49; 19; 22; 0][0; 21; 44; 18; 40; 7; 8; 9; 32; 42; 14; 4; 23; 36; 47; 48; 31; 0][0; 43; 45; 25; 26; 12; 13; 46; 15; 0][0; 33; 34; 35; 38; 39; 37; 5; 3; 24; 11; 50; 10; 27; 0][0; 51; 0]],[5207.942133; 4188.206333; 3299.564953; 3146.179200; 3014.621678; 2940.177235; 2794.003461; 2794.003461; 2777.732043; 2724.869541; 2700.701986; 2586.299566; 2563.722555; 2552.610518; 2552.610518; 2533.143152; 2470.165946; 2470.165946; 2469.730656; 2469.730656; 2466.147604; 2463.890060; 2445.243152; 2445.243152; 2445.243152; 2445.243152; 2445.243152; 2441.443376; 2441.443376; 2441.443376; 2441.443376; 2441.443376; 2441.443376; 2441.443376; 2441.443376; 2441.392615; 2441.392615; 2441.392615; 2441.392615; 2440.921957; 2440.921957; 2440.921957; 2440.921957; 2440.921957; 2440.921957; 2440.921957; 2440.921957; 2440.921957; 2440.921957; 2440.921957; 2440.921957; 2440.921957; 2440.921957; 2440.921957; 2440.921957; 2440.921957; 2440.921957; 2440.921957; 2440.921957; 2440.921957; 2440.921957; 2440.921957; 2440.921957; 2440.921957; 2440.921957; 2440.921957; 2440.921957; 2440.921957; 2440.921957; 2440.921957; 2440.921957; 2440.921957; 2440.921957; 2440.921957; 2440.921957; 2440.921957; 2440.921957; 2440.921957; 2440.921957; 2440.921957; 2440.921957; 2440.921957; 2440.921957; 2440.921957; 2440.921957; 2440.921957; 2440.921957; 2440.921957; 2440.921957; 2440.921957; 2440.921957; 2440.921957; 2440.921957; 2440.921957; 2440.921957; 2440.921957; 2440.921957; 2440.921957; 2440.921957; 2440.921957; 2440.921957; 2440.921957; 2440.921957; 2440.921957; 2440.921957; 2440.921957; 2440.921957; 2440.921957; 2440.921957; 2440.921957; 2440.921957; 2440.921957; 2440.921957; 2440.921957; 2440.921957; 2440.921957; 2440.921957; 2440.921957; 2440.921957; 2440.921957; 2440.921957; 2440.921957; 2440.921957; 2440.921957; 2440.921957; 2440.921957; 2440.921957; 2440.921957; 2440.921957; 2440.921957; 2440.921957; 2440.921957; 2440.921957; 2440.921957; 2440.921957; 2440.921957; 2440.921957; 2440.921957; 2440.921957; 2440.921957; 2440.921957]
berlin52,5,100000,133,0.8,0.048,52.379,0.00041,2441.392615,11802.91607,304.09557,[[0; 21; 30; 17; 2; 16; 20; 41; 6; 1; 29; 28; 49; 19; 22; 0][0; 15; 25; 26; 12; 13; 46; 0][0; 51; 27; 0][0; 31; 44; 18; 40; 7; 8; 9; 32; 42; 38; 35; 34; 48; 0][0; 43; 33; 36; 39; 37; 47; 23; 4; 14; 5; 3; 50; 10; 11; 24; 45; 0]],[5427.117693; 3838.109754; 3539.326194; 3112.901065; 2898.693208; 2837.726963; 2837.726963; 2779.145243; 2773.549871; 2571.909995; 2571.909995; 2571.909995; 2571.909995; 2545.099163; 2542.533840; 2508.111460; 2508.111460; 2501.300315; 2489.621672; 2485.204957; 2449.552040; 2449.552040; 2449.552040; 2449.552040; 2445.243152; 2445.243152; 2442.772824; 2442.772824; 2441.914034; 2441.914034; 2441.914034; 2441.914034; 2441.392615; 2441.392615; 2441.392615; 2441.392615; 2441.392615; 2441.392615; 2441.392615; 2441.392615; 2441.392615; 2441.392615; 2441.392615; 2441.392615; 2441.392615; 2441.392615; 2441.392615; 2441.392615; 2441.392615; 2441.392615; 2441.392615; 2441.392615; 2441.392615; 2441.392615; 2441.392615; 2441.392615; 2441.392615; 2441.392615; 2441.392615; 2441.392615; 2441.392615; 2441.392615; 2441.392615; 2441.392615; 2441.392615; 2441.392615; 2441.392615; 2441.392615; 2441.392615; 2441.392615; 2441.392615; 2441.392615; 2441.392615; 2441.392615; 2441.392615; 2441.392615; 2441.392615; 2441.392615; 2441.392615; 2441.392615; 2441.392615; 2441.392615; 2441.392615; 2441.392615; 2441.392615; 2441.392615; 2441.392615; 2441.392615; 2441.392615; 2441.392615; 2441.392615; 2441.392615; 2441.392615; 2441.392615; 2441.392615; 2441.392615; 2441.392615; 2441.392615; 2441.392615; 2441.392615; 2441.392615; 2441.392615; 2441.392615; 2441.392615; 2441.392615; 2441.392615; 2441.392615; 2441.392615; 2441.392615; 2441.392615; 2441.392615; 2441.392615; 2441.392615; 2441.392615; 2441.392615; 2441.392615; 2441.392615; 2441.392615; 2441.392615; 2441.392615; 2441.392615; 2441.392615; 2441.392615; 2441.392615; 2441.392615; 2441.392615; 2441.392615; 2441.392615; 2441.392615; 2441.392615; 2441.392615; 2441.392615; 2441.392615; 2441.392615]
berlin52,5,100000,133,0.8,0.048,51.217,0.00041,2440.921957,11991.34869,99.22629,[[0; 21; 30; 17; 16; 20; 6; 1; 41; 29; 28; 49; 19; 22; 0][0; 35; 34; 33; 36; 23; 4; 14; 5; 3; 11; 50; 10; 27; 24; 47; 37; 39; 38; 48; 0][0; 31; 42; 32; 9; 8; 7; 40; 18; 44; 2; 0][0; 43; 45; 25; 26; 12; 13; 46; 15; 0][0; 51; 0]],[5434.004969; 3805.554304; 3592.542358; 3276.572564; 3124.852289; 2901.342853; 2807.588508; 2782.244948; 2736.738571; 2736.738571; 2660.135178; 2660.135178; 2640.786320; 2640.786320; 2585.775314; 2565.903584; 2562.032511; 2525.648881; 2511.365898; 2511.005492; 2488.605762; 2488.605762; 2482.853064; 2473.888051; 2464.748850; 2446.619468; 2445.243152; 2445.243152; 2441.392615; 2441.392615; 2441.392615; 2441.392615; 2440.921957; 2440.921957; 2440.921957; 2440.921957; 2440.921957; 2440.921957; 2440.921957; 2440.921957; 2440.921957; 2440.921957; 2440.921957; 2440.921957; 2440.921957; 2440.921957; 2440.921957; 2440.921957; 2440.921957; 2440.921957; 2440.921957; 2440.921957; 2440.921957; 2440.921957; 2440.921957; 2440.921957; 2440.921957; 2440.921957; 2440.921957; 2440.921957; 2440.921957; 2440.921957; 2440.921957; 2440.921957; 2440.921957; 2440.921957; 2440.921957; 2440.921957; 2440.921957; 2440.921957; 2440.921957; 2440.921957; 2440.921957; 2440.921957; 2440.921957; 2440.921957; 2440.921957; 2440.921957; 2440.921957; 2440.921957; 2440.921957; 2440.921957; 2440.921957; 2440.921957; 2440.921957; 2440.921957; 2440.921957; 2440.921957; 2440.921957; 2440.921957; 2440.921957; 2440.921957; 2440.921957; 2440.921957; 2440.921957; 2440.921957; 2440.921957; 2440.921957; 2440.921957; 2440.921957; 2440.921957; 2440.921957; 2440.921957; 2440.921957; 2440.921957; 2440.921957; 2440.921957; 2440.921957; 2440.921957; 2440.921957; 2440.921957; 2440.921957; 2440.921957; 2440.921957; 2440.921957; 2440.921957; 2440.921957; 2440.921957; 2440.921957; 2440.921957; 2440.921957; 2440.921957; 2440.921957; 2440.921957; 2440.921957; 2440.921957; 2440.921957; 2440.921957; 2440.921957; 2440.921957; 2440.921957; 2440.921957; 2440.921957; 2440.921957]
berlin52,5,100000,138,0.8,0.048,56.332,0.00041,2440.921957,11887.50024,272.265128,[[0; 34; 33; 36; 37; 14; 42; 32; 9; 8; 7; 40; 18; 44; 0][0; 21; 30; 17; 2; 16; 20; 6; 1; 41; 29; 28; 49; 19; 22; 0][0; 31; 48; 38; 39; 4; 5; 3; 11; 50; 10; 27; 24; 23; 47; 35; 0][0; 43; 45; 25; 26; 12; 13; 46; 15; 0][0; 51; 0]],[5274.333435; 4022.807903; 3551.755224; 3241.676959; 3006.793026; 2931.186803; 2913.197456; 2811.455574; 2766.450128; 2727.324681; 2727.324681; 2726.243556; 2666.593208; 2649.398610; 2612.000460; 2504.691146; 2504.691146; 2504.691146; 2504.691146; 2501.509037; 2488.135104; 2488.135104; 2469.320996; 2469.320996; 2467.427775; 2460.750781; 2450.674088; 2449.552040; 2448.171830; 2445.290020; 2441.392615; 2441.392615; 2441.392615; 2441.392615; 2441.392615; 2441.392615; 2441.392615; 2440.921957; 2440.921957; 2440.921957; 2440.921957; 2440.921957; 2440.921957; 2440.921957; 2440.921957; 2440.921957; 2440.921957; 2440.921957; 2440.921957; 2440.921957; 2440.921957; 2440.921957; 2440.921957; 2440.921957; 2440.921957; 2440.921957; 2440.921957; 2440.921957; 2440.921957; 2440.921957; 2440.921957; 2440.921957; 2440.921957; 2440.921957; 2440.921957; 2440.921957; 2440.921957; 2440.921957; 2440.921957; 2440.921957; 2440.921957; 2440.921957; 2440.921957; 2440.921957; 2440.921957; 2440.921957; 2440.921957; 2440.921957; 2440.921957; 2440.921957; 2440.921957; 2440.921957; 2440.921957; 2440.921957; 2440.921957; 2440.921957; 2440.921957; 2440.921957; 2440.921957; 2440.921957; 2440.921957; 2440.921957; 2440.921957; 2440.921957; 2440.921957; 2440.921957; 2440.921957; 2440.921957; 2440.921957; 2440.921957; 2440.921957; 2440.921957; 2440.921957; 2440.921957; 2440.921957; 2440.921957; 2440.921957; 2440.921957; 2440.921957; 2440.921957; 2440.921957; 2440.921957; 2440.921957; 2440.921957; 2440.921957; 2440.921957; 2440.921957; 2440.921957; 2440.921957; 2440.921957; 2440.921957; 2440.921957; 2440.921957; 2440.921957; 2440.921957; 2440.921957; 2440.921957; 2440.921957; 2440.921957; 2440.921957; 2440.921957; 2440.921957; 2440.921957; 2440.921957; 2440.921957; 2440.921957; 2440.921957; 2440.921957; 2440.921957]
berlin52,5,100000,161,0.8,0.044,64.728,0.00041,2440.921957,11660.20003,254.451521,[[0; 48; 31; 44; 18; 40; 7; 8; 9; 32; 42; 14; 4; 0][0; 34; 33; 35; 38; 36; 47; 23; 24; 11; 10; 50; 3; 5; 37; 39; 0][0; 43; 45; 25; 26; 12; 13; 46; 15; 0][0; 21; 30; 17; 2; 16; 20; 41; 6; 1; 29; 28; 49; 19; 22; 0][0; 27; 51; 0]],[5397.884735; 4208.553411; 3359.987791; 3183.133244; 3084.354008; 2877.663553; 2830.866149; 2785.586178; 2742.643029; 2728.499095; 2716.942821; 2660.464647; 2660.135178; 2629.311571; 2545.183530; 2545.183530; 2522.493055; 2492.392483; 2492.392483; 2492.392483; 2486.961547; 2462.287315; 2447.843354; 2447.843354; 2445.239259; 2441.392615; 2441.392615; 2441.392615; 2441.392615; 2441.392615; 2441.392615; 2441.392615; 2441.392615; 2441.392615; 2441.392615; 2441.392615; 2441.392615; 2441.392615; 2441.392615; 2441.392615; 2441.392615; 2441.392615; 2441.392615; 2441.392615; 2441.392615; 2441.392615; 2441.392615; 2441.392615; 2441.392615; 2441.392615; 2441.392615; 2441.392615; 2441.392615; 2441.392615; 2441.392615; 2441.392615; 2441.392615; 2441.392615; 2441.392615; 2441.392615; 2440.921957; 2440.921957; 2440.921957; 2440.921957; 2440.921957; 2440.921957; 2440.921957; 2440.921957; 2440.921957; 2440.921957; 2440.921957; 2440.921957; 2440.921957; 2440.921957; 2440.921957; 2440.921957; 2440.921957; 2440.921957; 2440.921957; 2440.921957; 2440.921957; 2440.921957; 2440.921957; 2440.921957; 2440.921957; 2440.921957; 2440.921957; 2440.921957; 2440.921957; 2440.921957; 2440.921957; 2440.921957; 2440.921957; 2440.921957; 2440.921957; 2440.921957; 2440.921957; 2440.921957; 2440.921957; 2440.921957; 2440.921957; 2440.921957; 2440.921957; 2440.921957; 2440.921957; 2440.921957; 2440.921957; 2440.921957; 2440.921957; 2440.921957; 2440.921957; 2440.921957; 2440.921957; 2440.921957; 2440.921957; 2440.921957; 2440.921957; 2440.921957; 2440.921957; 2440.921957; 2440.921957; 2440.921957; 2440.921957; 2440.921957; 2440.921957; 2440.921957; 2440.921957; 2440.921957; 2440.921957; 2440.921957; 2440.921957; 2440.921957; 2440.921957; 2440.921957; 2440.921957; 2440.921957; 2440.921957; 2440.921957; 2440.921957; 2440.921957; 2440.921957; 2440.921957; 2440.921957; 2440.921957; 2440.921957; 2440.921957; 2440.921957; 2440.921957; 2440.921957; 2440.921957; 2440.921957; 2440.921957; 2440.921957; 2440.921957; 2440.921957; 2440.921957; 2440.921957; 2440.921957; 2440.921957; 2440.921957; 2440.921957; 2440.921957]
berlin52,5,100000,136,0.8,0.048,55.224,0.00041,2440.921957,11880.42119,245.266709,[[0; 48; 31; 44; 42; 32; 9; 8; 7; 40; 18; 0][0; 21; 30; 17; 2; 16; 20; 41; 6; 1; 29; 28; 49; 19; 22; 0][0; 43; 45; 25; 26; 12; 13; 46; 15; 0][0; 34; 35; 38; 39; 37; 4; 14; 5; 24; 27; 10; 50; 11; 3; 23; 47; 36; 33; 0][0; 51; 0]],[5330.000205; 4109.865187; 3423.203243; 3233.471380; 3005.394315; 2965.668127; 2850.016592; 2767.214092; 2741.371387; 2701.457684; 2610.014811; 2610.014811; 2610.014811; 2594.187912; 2543.205087; 2542.269411; 2509.361264; 2501.300315; 2495.959212; 2469.819380; 2468.147886; 2454.492427; 2451.689998; 2451.689998; 2451.689998; 2445.239259; 2445.239259; 2444.768601; 2444.768601; 2441.392615; 2441.392615; 2441.392615; 2441.392615; 2441.392615; 2441.392615; 2440.921957; 2440.921957; 2440.921957; 2440.921957; 2440.921957; 2440.921957; 2440.921957; 2440.921957; 2440.921957; 2440.921957; 2440.921957; 2440.921957; 2440.921957; 2440.921957; 2440.921957; 2440.921957; 2440.921957; 2440.921957; 2440.921957; 2440.921957; 2440.921957; 2440.921957; 2440.921957; 2440.921957; 2440.921957; 2440.921957; 2440.921957; 2440.921957; 2440.921957; 2440.921957; 2440.921957; 2440.921957; 2440.921957; 2440.921957; 2440.921957; 2440.921957; 2440.921957; 2440.921957; 2440.921957; 2440.921957; 2440.921957; 2440.921957; 2440.921957; 2440.921957; 2440.921957; 2440.921957; 2440.921957; 2440.921957; 2440.921957; 2440.921957; 2440.921957; 2440.921957; 2440.921957; 2440.921957; 2440.921957; 2440.921957; 2440.921957; 2440.921957; 2440.921957; 2440.921957; 2440.921957; 2440.921957; 2440.921957; 2440.921957; 2440.921957; 2440.921957; 2440.921957; 2440.921957; 2440.921957; 2440.921957; 2440.921957; 2440.921957; 2440.921957; 2440.921957; 2440.921957; 2440.921957; 2440.921957; 2440.921957; 2440.921957; 2440.921957; 2440.921957; 2440.921957; 2440.921957; 2440.921957; 2440.921957; 2440.921957; 2440.921957; 2440.921957; 2440.921957; 2440.921957; 2440.921957; 2440.921957; 2440.921957; 2440.921957; 2440.921957; 2440.921957; 2440.921957; 2440.921957; 2440.921957; 2440.921957; 2440.921957; 2440.921957]
berlin52,5,100000,126,0.8,0.048,48.493,0.00041,2441.392615,11931.24463,115.544633,[[0; 35; 34; 33; 36; 47; 4; 14; 5; 3; 50; 10; 11; 24; 23; 37; 39; 38; 31; 48; 0][0; 27; 51; 0][0; 21; 17; 2; 44; 18; 40; 7; 9; 8; 32; 42; 0][0; 43; 45; 25; 26; 12; 13; 46; 15; 0][0; 30; 22; 19; 49; 28; 29; 41; 1; 6; 16; 20; 0]],[5331.398866; 4281.137633; 3352.045417; 3306.982872; 2909.025780; 2909.025780; 2842.764909; 2738.307499; 2704.846067; 2704.846067; 2530.430947; 2530.430947; 2474.916919; 2474.916919; 2474.916919; 2474.916919; 2474.916919; 2474.916919; 2472.575140; 2449.223021; 2449.223021; 2449.223021; 2449.223021; 2445.239259; 2445.239259; 2441.392615; 2441.392615; 2441.392615; 2441.392615; 2441.392615; 2441.392615; 2441.392615; 2441.392615; 2441.392615; 2441.392615; 2441.392615; 2441.392615; 2441.392615; 2441.392615; 2441.392615; 2441.392615; 2441.392615; 2441.392615; 2441.392615; 2441.392615; 2441.392615; 2441.392615; 2441.392615; 2441.392615; 2441.392615; 2441.392615; 2441.392615; 2441.392615; 2441.392615; 2441.392615; 2441.392615; 2441.392615; 2441.392615; 2441.392615; 2441.392615; 2441.392615; 2441.392615; 2441.392615; 2441.392615; 2441.392615; 2441.392615; 2441.392615; 2441.392615; 2441.392615; 2441.392615; 2441.392615; 2441.392615; 2441.392615; 2441.392615; 2441.392615; 2441.392615; 2441.392615; 2441.392615; 2441.392615; 2441.392615; 2441.392615; 2441.392615; 2441.392615; 2441.392615; 2441.392615; 2441.392615; 2441.392615; 2441.392615; 2441.392615; 2441.392615; 2441.392615; 2441.392615; 2441.392615; 2441.392615; 2441.392615; 2441.392615; 2441.392615; 2441.392615; 2441.392615; 2441.392615; 2441.392615; 2441.392615; 2441.392615; 2441.392615; 2441.392615; 2441.392615; 2441.392615; 2441.392615; 2441.392615; 2441.392615; 2441.392615; 2441.392615; 2441.392615; 2441.392615; 2441.392615; 2441.392615; 2441.392615; 2441.392615; 2441.392615; 2441.392615; 2441.392615; 2441.392615; 2441.392615; 2441.392615; 2441.392615; 2441.392615; 2441.392615]
berlin52,5,100000,161,0.8,0.044,65.072,0.00041,2440.921957,11827.42194,215.16226,[[0; 22; 19; 49; 28; 29; 1; 6; 41; 20; 16; 2; 17; 0][0; 34; 33; 36; 47; 23; 37; 4; 5; 3; 50; 10; 11; 24; 35; 0][0; 21; 30; 31; 44; 18; 40; 7; 8; 9; 32; 42; 14; 39; 38; 48; 0][0; 43; 45; 25; 26; 12; 13; 46; 15; 0][0; 27; 51; 0]],[5334.095251; 3793.385402; 3542.930392; 3168.772287; 2975.956454; 2852.724893; 2840.526569; 2820.772608; 2729.194874; 2729.194874; 2692.770827; 2683.292455; 2606.769846; 2558.020537; 2558.020537; 2532.148316; 2489.945841; 2489.945841; 2464.748850; 2441.628067; 2441.628067; 2441.628067; 2441.628067; 2441.392615; 2441.392615; 2441.392615; 2441.392615; 2441.392615; 2441.392615; 2441.392615; 2441.392615; 2441.392615; 2441.392615; 2441.392615; 2441.392615; 2441.392615; 2441.392615; 2441.392615; 2441.392615; 2441.392615; 2441.392615; 2441.392615; 2441.392615; 2441.392615; 2441.392615; 2441.392615; 2441.392615; 2441.392615; 2441.392615; 2441.392615; 2441.392615; 2441.392615; 2441.392615; 2441.392615; 2441.392615; 2441.392615; 2441.392615; 2441.392615; 2441.392615; 2441.392615; 2440.921957; 2440.921957; 2440.921957; 2440.921957; 2440.921957; 2440.921957; 2440.921957; 2440.921957; 2440.921957; 2440.921957; 2440.921957; 2440.921957; 2440.921957; 2440.921957; 2440.921957; 2440.921957; 2440.921957; 2440.921957; 2440.921957; 2440.921957; 2440.921957; 2440.921957; 2440.921957; 2440.921957; 2440.921957; 2440.921957; 2440.921957; 2440.921957; 2440.921957; 2440.921957; 2440.921957; 2440.921957; 2440.921957; 2440.921957; 2440.921957; 2440.921957; 2440.921957; 2440.921957; 2440.921957; 2440.921957; 2440.921957; 2440.921957; 2440.921957; 2440.921957; 2440.921957; 2440.921957; 2440.921957; 2440.921957; 2440.921957; 2440.921957; 2440.921957; 2440.921957; 2440.921957; 2440.921957; 2440.921957; 2440.921957; 2440.921957; 2440.921957; 2440.921957; 2440.921957; 2440.921957; 2440.921957; 2440.921957; 2440.921957; 2440.921957; 2440.921957; 2440.921957; 2440.921957; 2440.921957; 2440.921957; 2440.921957; 2440.921957; 2440.921957; 2440.921957; 2440.921957; 2440.921957; 2440.921957; 2440.921957; 2440.921957; 2440.921957; 2440.921957; 2440.921957; 2440.921957; 2440.921957; 2440.921957; 2440.921957; 2440.921957; 2440.921957; 2440.921957; 2440.921957; 2440.921957; 2440.921957; 2440.921957; 2440.921957; 2440.921957; 2440.921957; 2440.921957; 2440.921957; 2440.921957; 2440.921957; 2440.921957; 2440.921957]
berlin52,5,100000,130,0.8,0.038,50.302,0.00041,2440.921957,12075.13324,55.805297,[[0; 21; 30; 17; 2; 16; 20; 41; 6; 1; 29; 28; 49; 19; 22; 0][0; 48; 31; 44; 18; 40; 7; 8; 9; 32; 42; 14; 23; 47; 45; 36; 34; 0][0; 35; 38; 39; 37; 4; 5; 3; 11; 50; 10; 26; 27; 24; 33; 0][0; 15; 25; 12; 13; 46; 43; 0][0; 51; 0]],[5170.777120; 4067.893576; 3661.208793; 3279.141441; 3045.337876; 2874.232449; 2841.894888; 2764.962929; 2720.367588; 2696.447123; 2631.126877; 2585.150270; 2514.559251; 2509.041592; 2506.496670; 2492.112568; 2492.112568; 2488.605762; 2477.969012; 2477.969012; 2477.969012; 2454.492427; 2454.492427; 2454.492427; 2444.772494; 2444.772494; 2441.443376; 2441.443376; 2441.443376; 2440.921957; 2440.921957; 2440.921957; 2440.921957; 2440.921957; 2440.921957; 2440.921957; 2440.921957; 2440.921957; 2440.921957; 2440.921957; 2440.921957; 2440.921957; 2440.921957; 2440.921957; 2440.921957; 2440.921957; 2440.921957; 2440.921957; 2440.921957; 2440.921957; 2440.921957; 2440.921957; 2440.921957; 2440.921957; 2440.921957; 2440.921957; 2440.921957; 2440.921957; 2440.921957; 2440.921957; 2440.921957; 2440.921957; 2440.921957; 2440.921957; 2440.921957; 2440.921957; 2440.921957; 2440.921957; 2440.921957; 2440.921957; 2440.921957; 2440.921957; 2440.921957; 2440.921957; 2440.921957; 2440.921957; 2440.921957; 2440.921957; 2440.921957; 2440.921957; 2440.921957; 2440.921957; 2440.921957; 2440.921957; 2440.921957; 2440.921957; 2440.921957; 2440.921957; 2440.921957; 2440.921957; 2440.921957; 2440.921957; 2440.921957; 2440.921957; 2440.921957; 2440.921957; 2440.921957; 2440.921957; 2440.921957; 2440.921957; 2440.921957; 2440.921957; 2440.921957; 2440.921957; 2440.921957; 2440.921957; 2440.921957; 2440.921957; 2440.921957; 2440.921957; 2440.921957; 2440.921957; 2440.921957; 2440.921957; 2440.921957; 2440.921957; 2440.921957; 2440.921957; 2440.921957; 2440.921957; 2440.921957; 2440.921957; 2440.921957; 2440.921957; 2440.921957; 2440.921957; 2440.921957; 2440.921957; 2440.921957; 2440.921957; 2440.921957]
berlin52,5,100000,123,0.8,0.048,48.113,0.00041,2441.392615,12016.10531,84.364514,[[0; 31; 42; 32; 9; 8; 7; 40; 18; 44; 2; 17; 30; 21; 0][0; 22; 20; 16; 6; 1; 41; 29; 19; 49; 28; 0][0; 48; 35; 34; 33; 38; 39; 37; 5; 3; 11; 10; 50; 24; 47; 23; 4; 14; 36; 0][0; 15; 46; 13; 12; 26; 25; 45; 43; 0][0; 27; 51; 0]],[5305.374520; 4090.713258; 3148.170976; 3148.170976; 3079.107050; 2929.777609; 2806.746388; 2779.521893; 2769.757215; 2674.395110; 2674.395110; 2668.923099; 2645.065745; 2631.389338; 2631.389338; 2566.451526; 2481.410076; 2481.410076; 2481.410076; 2481.410076; 2481.410076; 2456.389133; 2441.392615; 2441.392615; 2441.392615; 2441.392615; 2441.392615; 2441.392615; 2441.392615; 2441.392615; 2441.392615; 2441.392615; 2441.392615; 2441.392615; 2441.392615; 2441.392615; 2441.392615; 2441.392615; 2441.392615; 2441.392615; 2441.392615; 2441.392615; 2441.392615; 2441.392615; 2441.392615; 2441.392615; 2441.392615; 2441.392615; 2441.392615; 2441.392615; 2441.392615; 2441.392615; 2441.392615; 2441.392615; 2441.392615; 2441.392615; 2441.392615; 2441.392615; 2441.392615; 2441.392615; 2441.392615; 2441.392615; 2441.392615; 2441.392615; 2441.392615; 2441.392615; 2441.392615; 2441.392615; 2441.392615; 2441.392615; 2441.392615; 2441.392615; 2441.392615; 2441.392615; 2441.392615; 2441.392615; 2441.392615; 2441.392615; 2441.392615; 2441.392615; 2441.392615; 2441.392615; 2441.392615; 2441.392615; 2441.392615; 2441.392615; 2441.392615; 2441.392615; 2441.392615; 2441.392615; 2441.392615; 2441.392615; 2441.392615; 2441.392615; 2441.392615; 2441.392615; 2441.392615; 2441.392615; 2441.392615; 2441.392615; 2441.392615; 2441.392615; 2441.392615; 2441.392615; 2441.392615; 2441.392615; 2441.392615; 2441.392615; 2441.392615; 2441.392615; 2441.392615; 2441.392615; 2441.392615; 2441.392615; 2441.392615; 2441.392615; 2441.392615; 2441.392615; 2441.392615; 2441.392615; 2441.392615; 2441.392615; 2441.392615; 2441.392615]
berlin52,5,100000,127,0.8,0.038,51.624,0.00041,2441.392615,12063.49793,86.71625,[[0; 48; 31; 22; 19; 49; 28; 29; 41; 1; 6; 16; 20; 0][0; 21; 30; 17; 2; 44; 18; 40; 7; 8; 9; 32; 42; 0][0; 43; 36; 47; 37; 23; 4; 5; 3; 50; 10; 11; 24; 14; 39; 38; 35; 0][0; 15; 46; 13; 12; 26; 25; 45; 33; 34; 0][0; 27; 51; 0]],[5507.842424; 4056.544156; 3673.873982; 3101.492561; 2935.166034; 2935.166034; 2873.848650; 2845.091091; 2719.913401; 2719.913401; 2689.755684; 2667.981464; 2607.113231; 2607.113231; 2537.146970; 2511.005492; 2511.005492; 2511.005492; 2496.794220; 2488.605762; 2488.060424; 2483.174826; 2474.721860; 2464.748850; 2442.772824; 2442.772824; 2441.392615; 2441.392615; 2441.392615; 2441.392615; 2441.392615; 2441.392615; 2441.392615; 2441.392615; 2441.392615; 2441.392615; 2441.392615; 2441.392615; 2441.392615; 2441.392615; 2441.392615; 2441.392615; 2441.392615; 2441.392615; 2441.392615; 2441.392615; 2441.392615; 2441.392615; 2441.392615; 2441.392615; 2441.392615; 2441.392615; 2441.392615; 2441.392615; 2441.392615; 2441.392615; 2441.392615; 2441.392615; 2441.392615; 2441.392615; 2441.392615; 2441.392615; 2441.392615; 2441.392615; 2441.392615; 2441.392615; 2441.392615; 2441.392615; 2441.392615; 2441.392615; 2441.392615; 2441.392615; 2441.392615; 2441.392615; 2441.392615; 2441.392615; 2441.392615; 2441.392615; 2441.392615; 2441.392615; 2441.392615; 2441.392615; 2441.392615; 2441.392615; 2441.392615; 2441.392615; 2441.392615; 2441.392615; 2441.392615; 2441.392615; 2441.392615; 2441.392615; 2441.392615; 2441.392615; 2441.392615; 2441.392615; 2441.392615; 2441.392615; 2441.392615; 2441.392615; 2441.392615; 2441.392615; 2441.392615; 2441.392615; 2441.392615; 2441.392615; 2441.392615; 2441.392615; 2441.392615; 2441.392615; 2441.392615; 2441.392615; 2441.392615; 2441.392615; 2441.392615; 2441.392615; 2441.392615; 2441.392615; 2441.392615; 2441.392615; 2441.392615; 2441.392615; 2441.392615; 2441.392615; 2441.392615; 2441.392615; 2441.392615; 2441.392615]
berlin52,5,100000,151,0.8,0.051,58.896,0.00041,2440.921957,12009.70448,134.818585,[[0; 48; 31; 44; 18; 40; 7; 8; 9; 32; 42; 3; 5; 14; 4; 37; 39; 38; 35; 0][0; 34; 33; 36; 47; 23; 24; 27; 26; 10; 50; 11; 0][0; 43; 15; 25; 12; 13; 46; 45; 0][0; 51; 0][0; 21; 30; 17; 2; 16; 20; 41; 6; 1; 29; 28; 49; 19; 22; 0]],[5383.441498; 4067.255298; 3579.737129; 3230.533040; 3094.398436; 2798.271799; 2798.271799; 2738.913494; 2694.641663; 2694.641663; 2693.918071; 2600.865670; 2596.233793; 2584.022250; 2543.795698; 2543.795698; 2520.307110; 2509.371906; 2509.371906; 2502.680524; 2489.968238; 2483.170933; 2482.571791; 2477.969012; 2477.969012; 2477.969012; 2475.795101; 2475.795101; 2475.795101; 2475.795101; 2474.639894; 2474.639894; 2451.551884; 2451.551884; 2451.551884; 2451.551884; 2451.551884; 2451.551884; 2451.551884; 2451.551884; 2451.551884; 2444.772494; 2444.772494; 2441.914034; 2441.914034; 2441.443376; 2441.443376; 2441.443376; 2441.443376; 2441.392615; 2440.921957; 2440.921957; 2440.921957; 2440.921957; 2440.921957; 2440.921957; 2440.921957; 2440.921957; 2440.921957; 2440.921957; 2440.921957; 2440.921957; 2440.921957; 2440.921957; 2440.921957; 2440.921957; 2440.921957; 2440.921957; 2440.921957; 2440.921957; 2440.921957; 2440.921957; 2440.921957; 2440.921957; 2440.921957; 2440.921957; 2440.921957; 2440.921957; 2440.921957; 2440.921957; 2440.921957; 2440.921957; 2440.921957; 2440.921957; 2440.921957; 2440.921957; 2440.921957; 2440.921957; 2440.921957; 2440.921957; 2440.921957; 2440.921957; 2440.921957; 2440.921957; 2440.921957; 2440.921957; 2440.921957; 2440.921957; 2440.921957; 2440.921957; 2440.921957; 2440.921957; 2440.921957; 2440.921957; 2440.921957; 2440.921957; 2440.921957; 2440.921957; 2440.921957; 2440.921957; 2440.921957; 2440.921957; 2440.921957; 2440.921957; 2440.921957; 2440.921957; 2440.921957; 2440.921957; 2440.921957; 2440.921957; 2440.921957; 2440.921957; 2440.921957; 2440.921957; 2440.921957; 2440.921957; 2440.921957; 2440.921957; 2440.921957; 2440.921957; 2440.921957; 2440.921957; 2440.921957; 2440.921957; 2440.921957; 2440.921957; 2440.921957; 2440.921957; 2440.921957; 2440.921957; 2440.921957; 2440.921957; 2440.921957; 2440.921957; 2440.921957; 2440.921957; 2440.921957; 2440.921957; 2440.921957; 2440.921957; 2440.921957; 2440.921957]
berlin52,5,100000,63,0.8,0.058,21.699,0.00041,2440.921957,12038.38509,65.957616,[[0; 21; 30; 17; 2; 16; 20; 41; 1; 6; 29; 28; 49; 19; 22; 0][0; 35; 38; 39; 37; 23; 24; 11; 27; 10; 50; 3; 5; 47; 33; 34; 0][0; 48; 31; 44; 18; 40; 7; 8; 9; 32; 42; 36; 14; 4; 0][0; 15; 46; 13; 12; 26; 25; 45; 43; 0][0; 51; 0]],[5207.942133; 3894.211587; 3500.783887; 3248.280090; 3031.746029; 3003.124430; 2787.085999; 2774.842641; 2764.611466; 2694.308832; 2660.656597; 2647.077040; 2591.598210; 2590.995456; 2572.221921; 2482.704168; 2482.704168; 2482.704168; 2477.969012; 2477.969012; 2469.819380; 2469.819380; 2468.147886; 2466.790206; 2457.813394; 2457.813394; 2448.829290; 2448.829290; 2444.772494; 2444.772494; 2444.772494; 2444.768601; 2444.768601; 2442.772824; 2441.443376; 2441.443376; 2441.392615; 2441.392615; 2441.392615; 2441.392615; 2440.921957; 2440.921957; 2440.921957; 2440.921957; 2440.921957; 2440.921957; 2440.921957; 2440.921957; 2440.921957; 2440.921957; 2440.921957; 2440.921957; 2440.921957; 2440.921957; 2440.921957; 2440.921957; 2440.921957; 2440.921957; 2440.921957; 2440.921957; 2440.921957; 2440.921957; 2440.921957; 2440.921957]
,,,,,,51.99046667,,2441.392615,11660.20003,28.53748,,
,,,,,,,,2440.921957,,,,
,,,,,,,,2440.984711,,,,
,,,,,,,,0.162728076,,,,
